title,url
OG Pooja ceremony | Pawan Kalyan | Sujeeth | DVV Entertainment,https://youtu.be/Ldyy3qR_gPA?si=GxjAF0ZFGDk0Xr9H
#OG Shoot Begins - Pawan Kalyan | Sujeeth | Thaman S | DVV Danayya,https://youtu.be/oIUzyrGUDQo?si=8BNdkepAhPG2HzrB
Hungry Cheetah - OG Glimpse | Pawan Kalyan | Sujeeth | Thaman S | DVV Danayya,https://youtu.be/7Y5q41D8_hs?si=SNwMXxbl7hOYGxrl
Happy Birthday Sujeeth - #OG | Pawan Kalyan | Emraan Hashmi | Thaman S | DVV Danayya,https://youtu.be/6Wprv20Rdq8?si=ssW1Fq0I3fmSIL8n
HBD OG - LOVE OMI - Glimpse | Pawan Kalyan | Emraan Hashmi | Sujeeth | Thaman S | DVV Danayya,https://youtu.be/WepSY1rgoys?si=bhlTe4O4M2uJpz66
